version,creator,ns1:name,ns1:desc,ns1:name2,id,domain,href,ns1:text,ns1:type,author,ns1:year,ns1:license,href3,ns1:text4,ns1:type5,ns1:time,ns1:keywords,minlat,minlon,maxlat,maxlon,lat,lon,ns1:ele,ns1:time6,ns1:magvar,ns1:geoidheight,ns1:name7,ns1:cmt,ns1:desc8,ns1:src,href9,ns1:text10,ns1:type11,ns1:sym,ns1:type12,ns1:fix,ns1:sat,ns1:hdop,ns1:vdop,ns1:pdop,ns1:ageofdgpsdata,ns1:dgpsid,ns1:name13,ns1:cmt14,ns1:desc15,ns1:src16,href17,ns1:text18,ns1:type19,ns1:number,ns1:type20,lat21,lon22,ns1:ele23,ns1:time24,ns1:magvar25,ns1:geoidheight26,ns1:name27,ns1:cmt28,ns1:desc29,ns1:src30,href31,ns1:text32,ns1:type33,ns1:sym34,ns1:type35,ns1:fix36,ns1:sat37,ns1:hdop38,ns1:vdop39,ns1:pdop40,ns1:ageofdgpsdata41,ns1:dgpsid42,ns1:name43,ns1:cmt44,ns1:desc45,ns1:src46,href47,ns1:text48,ns1:type49,ns1:number50,ns1:type51,lat52,lon53,ns1:ele54,ns1:time55,ns1:magvar56,ns1:geoidheight57,ns1:name58,ns1:cmt59,ns1:desc60,ns1:src61,href62,ns1:text63,ns1:type64,ns1:sym65,ns1:type66,ns1:fix67,ns1:sat68,ns1:hdop69,ns1:vdop70,ns1:pdop71,ns1:ageofdgpsdata72,ns1:dgpsid73
1.1,StravaGPX,,,,,,,,,,,,,,,,,,,,,,,,,,,,,,,,,,,,,,,,,,,,,,,,,,,,,,,,,,,,,,,,,,,,,,,,,,Carrera de mañana,,,,,,,,running,43.461629,-3.806057,10.4,,,,,,,,,,,,,,,,,,,
1.1,StravaGPX,,,,,,,,,,,,,,,,,,,,,,,,,,,,,,,,,,,,,,,,,,,,,,,,,,,,,,,,,,,,,,,,,,,,,,,,,,Carrera de mañana,,,,,,,,running,43.461618,-3.806082,10.4,,,,,,,,,,,,,,,,,,,
1.1,StravaGPX,,,,,,,,,,,,,,,,,,,,,,,,,,,,,,,,,,,,,,,,,,,,,,,,,,,,,,,,,,,,,,,,,,,,,,,,,,Carrera de mañana,,,,,,,,running,43.461618,-3.806116,10.2,,,,,,,,,,,,,,,,,,,
1.1,StravaGPX,,,,,,,,,,,,,,,,,,,,,,,,,,,,,,,,,,,,,,,,,,,,,,,,,,,,,,,,,,,,,,,,,,,,,,,,,,Carrera de mañana,,,,,,,,running,43.461613,-3.806154,10.2,,,,,,,,,,,,,,,,,,,
1.1,StravaGPX,,,,,,,,,,,,,,,,,,,,,,,,,,,,,,,,,,,,,,,,,,,,,,,,,,,,,,,,,,,,,,,,,,,,,,,,,,Carrera de mañana,,,,,,,,running,43.461611,-3.806196,10.2,,,,,,,,,,,,,,,,,,,
1.1,StravaGPX,,,,,,,,,,,,,,,,,,,,,,,,,,,,,,,,,,,,,,,,,,,,,,,,,,,,,,,,,,,,,,,,,,,,,,,,,,Carrera de mañana,,,,,,,,running,43.461607,-3.806239,10.2,,,,,,,,,,,,,,,,,,,
1.1,StravaGPX,,,,,,,,,,,,,,,,,,,,,,,,,,,,,,,,,,,,,,,,,,,,,,,,,,,,,,,,,,,,,,,,,,,,,,,,,,Carrera de mañana,,,,,,,,running,43.461603,-3.806287,10.2,,,,,,,,,,,,,,,,,,,
1.1,StravaGPX,,,,,,,,,,,,,,,,,,,,,,,,,,,,,,,,,,,,,,,,,,,,,,,,,,,,,,,,,,,,,,,,,,,,,,,,,,Carrera de mañana,,,,,,,,running,43.461597,-3.806332,10.2,,,,,,,,,,,,,,,,,,,
1.1,StravaGPX,,,,,,,,,,,,,,,,,,,,,,,,,,,,,,,,,,,,,,,,,,,,,,,,,,,,,,,,,,,,,,,,,,,,,,,,,,Carrera de mañana,,,,,,,,running,43.461591,-3.806376,10.2,,,,,,,,,,,,,,,,,,,
1.1,StravaGPX,,,,,,,,,,,,,,,,,,,,,,,,,,,,,,,,,,,,,,,,,,,,,,,,,,,,,,,,,,,,,,,,,,,,,,,,,,Carrera de mañana,,,,,,,,running,43.461582,-3.806421,10.2,,,,,,,,,,,,,,,,,,,
1.1,StravaGPX,,,,,,,,,,,,,,,,,,,,,,,,,,,,,,,,,,,,,,,,,,,,,,,,,,,,,,,,,,,,,,,,,,,,,,,,,,Carrera de mañana,,,,,,,,running,43.461573,-3.806464,10.2,,,,,,,,,,,,,,,,,,,
1.1,StravaGPX,,,,,,,,,,,,,,,,,,,,,,,,,,,,,,,,,,,,,,,,,,,,,,,,,,,,,,,,,,,,,,,,,,,,,,,,,,Carrera de mañana,,,,,,,,running,43.461562,-3.806504,10.4,,,,,,,,,,,,,,,,,,,
1.1,StravaGPX,,,,,,,,,,,,,,,,,,,,,,,,,,,,,,,,,,,,,,,,,,,,,,,,,,,,,,,,,,,,,,,,,,,,,,,,,,Carrera de mañana,,,,,,,,running,43.461554,-3.806544,10.4,,,,,,,,,,,,,,,,,,,
1.1,StravaGPX,,,,,,,,,,,,,,,,,,,,,,,,,,,,,,,,,,,,,,,,,,,,,,,,,,,,,,,,,,,,,,,,,,,,,,,,,,Carrera de mañana,,,,,,,,running,43.461547,-3.806578,10.6,,,,,,,,,,,,,,,,,,,
1.1,StravaGPX,,,,,,,,,,,,,,,,,,,,,,,,,,,,,,,,,,,,,,,,,,,,,,,,,,,,,,,,,,,,,,,,,,,,,,,,,,Carrera de mañana,,,,,,,,running,43.461545,-3.806613,10.6,,,,,,,,,,,,,,,,,,,
1.1,StravaGPX,,,,,,,,,,,,,,,,,,,,,,,,,,,,,,,,,,,,,,,,,,,,,,,,,,,,,,,,,,,,,,,,,,,,,,,,,,Carrera de mañana,,,,,,,,running,43.46154,-3.806649,10.8,,,,,,,,,,,,,,,,,,,
1.1,StravaGPX,,,,,,,,,,,,,,,,,,,,,,,,,,,,,,,,,,,,,,,,,,,,,,,,,,,,,,,,,,,,,,,,,,,,,,,,,,Carrera de mañana,,,,,,,,running,43.461538,-3.806683,10.8,,,,,,,,,,,,,,,,,,,
1.1,StravaGPX,,,,,,,,,,,,,,,,,,,,,,,,,,,,,,,,,,,,,,,,,,,,,,,,,,,,,,,,,,,,,,,,,,,,,,,,,,Carrera de mañana,,,,,,,,running,43.461533,-3.806723,10.8,,,,,,,,,,,,,,,,,,,
1.1,StravaGPX,,,,,,,,,,,,,,,,,,,,,,,,,,,,,,,,,,,,,,,,,,,,,,,,,,,,,,,,,,,,,,,,,,,,,,,,,,Carrera de mañana,,,,,,,,running,43.46153,-3.806761,10.8,,,,,,,,,,,,,,,,,,,
1.1,StravaGPX,,,,,,,,,,,,,,,,,,,,,,,,,,,,,,,,,,,,,,,,,,,,,,,,,,,,,,,,,,,,,,,,,,,,,,,,,,Carrera de mañana,,,,,,,,running,43.461528,-3.806801,10.8,,,,,,,,,,,,,,,,,,,
1.1,StravaGPX,,,,,,,,,,,,,,,,,,,,,,,,,,,,,,,,,,,,,,,,,,,,,,,,,,,,,,,,,,,,,,,,,,,,,,,,,,Carrera de mañana,,,,,,,,running,43.461523,-3.80684,10.6,,,,,,,,,,,,,,,,,,,
1.1,StravaGPX,,,,,,,,,,,,,,,,,,,,,,,,,,,,,,,,,,,,,,,,,,,,,,,,,,,,,,,,,,,,,,,,,,,,,,,,,,Carrera de mañana,,,,,,,,running,43.461517,-3.806882,10.4,,,,,,,,,,,,,,,,,,,
1.1,StravaGPX,,,,,,,,,,,,,,,,,,,,,,,,,,,,,,,,,,,,,,,,,,,,,,,,,,,,,,,,,,,,,,,,,,,,,,,,,,Carrera de mañana,,,,,,,,running,43.461516,-3.806912,10.4,,,,,,,,,,,,,,,,,,,
1.1,StravaGPX,,,,,,,,,,,,,,,,,,,,,,,,,,,,,,,,,,,,,,,,,,,,,,,,,,,,,,,,,,,,,,,,,,,,,,,,,,Carrera de mañana,,,,,,,,running,43.461513,-3.806944,10.4,,,,,,,,,,,,,,,,,,,
1.1,StravaGPX,,,,,,,,,,,,,,,,,,,,,,,,,,,,,,,,,,,,,,,,,,,,,,,,,,,,,,,,,,,,,,,,,,,,,,,,,,Carrera de mañana,,,,,,,,running,43.461511,-3.806977,10.2,,,,,,,,,,,,,,,,,,,
1.1,StravaGPX,,,,,,,,,,,,,,,,,,,,,,,,,,,,,,,,,,,,,,,,,,,,,,,,,,,,,,,,,,,,,,,,,,,,,,,,,,Carrera de mañana,,,,,,,,running,43.461513,-3.807019,10.2,,,,,,,,,,,,,,,,,,,
1.1,StravaGPX,,,,,,,,,,,,,,,,,,,,,,,,,,,,,,,,,,,,,,,,,,,,,,,,,,,,,,,,,,,,,,,,,,,,,,,,,,Carrera de mañana,,,,,,,,running,43.461505,-3.807061,10,,,,,,,,,,,,,,,,,,,
1.1,StravaGPX,,,,,,,,,,,,,,,,,,,,,,,,,,,,,,,,,,,,,,,,,,,,,,,,,,,,,,,,,,,,,,,,,,,,,,,,,,Carrera de mañana,,,,,,,,running,43.461501,-3.807085,10,,,,,,,,,,,,,,,,,,,
1.1,StravaGPX,,,,,,,,,,,,,,,,,,,,,,,,,,,,,,,,,,,,,,,,,,,,,,,,,,,,,,,,,,,,,,,,,,,,,,,,,,Carrera de mañana,,,,,,,,running,43.461494,-3.807128,10,,,,,,,,,,,,,,,,,,,
1.1,StravaGPX,,,,,,,,,,,,,,,,,,,,,,,,,,,,,,,,,,,,,,,,,,,,,,,,,,,,,,,,,,,,,,,,,,,,,,,,,,Carrera de mañana,,,,,,,,running,43.461496,-3.807156,10.2,,,,,,,,,,,,,,,,,,,
1.1,StravaGPX,,,,,,,,,,,,,,,,,,,,,,,,,,,,,,,,,,,,,,,,,,,,,,,,,,,,,,,,,,,,,,,,,,,,,,,,,,Carrera de mañana,,,,,,,,running,43.46149,-3.807185,10.2,,,,,,,,,,,,,,,,,,,
1.1,StravaGPX,,,,,,,,,,,,,,,,,,,,,,,,,,,,,,,,,,,,,,,,,,,,,,,,,,,,,,,,,,,,,,,,,,,,,,,,,,Carrera de mañana,,,,,,,,running,43.46149,-3.80722,10.4,,,,,,,,,,,,,,,,,,,
1.1,StravaGPX,,,,,,,,,,,,,,,,,,,,,,,,,,,,,,,,,,,,,,,,,,,,,,,,,,,,,,,,,,,,,,,,,,,,,,,,,,Carrera de mañana,,,,,,,,running,43.461485,-3.807257,10.6,,,,,,,,,,,,,,,,,,,
1.1,StravaGPX,,,,,,,,,,,,,,,,,,,,,,,,,,,,,,,,,,,,,,,,,,,,,,,,,,,,,,,,,,,,,,,,,,,,,,,,,,Carrera de mañana,,,,,,,,running,43.46148,-3.807296,10.6,,,,,,,,,,,,,,,,,,,
1.1,StravaGPX,,,,,,,,,,,,,,,,,,,,,,,,,,,,,,,,,,,,,,,,,,,,,,,,,,,,,,,,,,,,,,,,,,,,,,,,,,Carrera de mañana,,,,,,,,running,43.461473,-3.807329,10.6,,,,,,,,,,,,,,,,,,,
1.1,StravaGPX,,,,,,,,,,,,,,,,,,,,,,,,,,,,,,,,,,,,,,,,,,,,,,,,,,,,,,,,,,,,,,,,,,,,,,,,,,Carrera de mañana,,,,,,,,running,43.461464,-3.807366,10.6,,,,,,,,,,,,,,,,,,,
1.1,StravaGPX,,,,,,,,,,,,,,,,,,,,,,,,,,,,,,,,,,,,,,,,,,,,,,,,,,,,,,,,,,,,,,,,,,,,,,,,,,Carrera de mañana,,,,,,,,running,43.461449,-3.807397,10.6,,,,,,,,,,,,,,,,,,,
1.1,StravaGPX,,,,,,,,,,,,,,,,,,,,,,,,,,,,,,,,,,,,,,,,,,,,,,,,,,,,,,,,,,,,,,,,,,,,,,,,,,Carrera de mañana,,,,,,,,running,43.461454,-3.807439,10.4,,,,,,,,,,,,,,,,,,,
1.1,StravaGPX,,,,,,,,,,,,,,,,,,,,,,,,,,,,,,,,,,,,,,,,,,,,,,,,,,,,,,,,,,,,,,,,,,,,,,,,,,Carrera de mañana,,,,,,,,running,43.46145,-3.807475,10.4,,,,,,,,,,,,,,,,,,,
1.1,StravaGPX,,,,,,,,,,,,,,,,,,,,,,,,,,,,,,,,,,,,,,,,,,,,,,,,,,,,,,,,,,,,,,,,,,,,,,,,,,Carrera de mañana,,,,,,,,running,43.461445,-3.807511,10.4,,,,,,,,,,,,,,,,,,,
1.1,StravaGPX,,,,,,,,,,,,,,,,,,,,,,,,,,,,,,,,,,,,,,,,,,,,,,,,,,,,,,,,,,,,,,,,,,,,,,,,,,Carrera de mañana,,,,,,,,running,43.461435,-3.807545,10.4,,,,,,,,,,,,,,,,,,,
1.1,StravaGPX,,,,,,,,,,,,,,,,,,,,,,,,,,,,,,,,,,,,,,,,,,,,,,,,,,,,,,,,,,,,,,,,,,,,,,,,,,Carrera de mañana,,,,,,,,running,43.461447,-3.80758,10.4,,,,,,,,,,,,,,,,,,,
1.1,StravaGPX,,,,,,,,,,,,,,,,,,,,,,,,,,,,,,,,,,,,,,,,,,,,,,,,,,,,,,,,,,,,,,,,,,,,,,,,,,Carrera de mañana,,,,,,,,running,43.461449,-3.807606,10.6,,,,,,,,,,,,,,,,,,,
1.1,StravaGPX,,,,,,,,,,,,,,,,,,,,,,,,,,,,,,,,,,,,,,,,,,,,,,,,,,,,,,,,,,,,,,,,,,,,,,,,,,Carrera de mañana,,,,,,,,running,43.461449,-3.80764,10.8,,,,,,,,,,,,,,,,,,,
1.1,StravaGPX,,,,,,,,,,,,,,,,,,,,,,,,,,,,,,,,,,,,,,,,,,,,,,,,,,,,,,,,,,,,,,,,,,,,,,,,,,Carrera de mañana,,,,,,,,running,43.461446,-3.807669,10.8,,,,,,,,,,,,,,,,,,,
1.1,StravaGPX,,,,,,,,,,,,,,,,,,,,,,,,,,,,,,,,,,,,,,,,,,,,,,,,,,,,,,,,,,,,,,,,,,,,,,,,,,Carrera de mañana,,,,,,,,running,43.461443,-3.8077,10.8,,,,,,,,,,,,,,,,,,,
1.1,StravaGPX,,,,,,,,,,,,,,,,,,,,,,,,,,,,,,,,,,,,,,,,,,,,,,,,,,,,,,,,,,,,,,,,,,,,,,,,,,Carrera de mañana,,,,,,,,running,43.461441,-3.807739,11,,,,,,,,,,,,,,,,,,,
1.1,StravaGPX,,,,,,,,,,,,,,,,,,,,,,,,,,,,,,,,,,,,,,,,,,,,,,,,,,,,,,,,,,,,,,,,,,,,,,,,,,Carrera de mañana,,,,,,,,running,43.461441,-3.807774,11,,,,,,,,,,,,,,,,,,,
1.1,StravaGPX,,,,,,,,,,,,,,,,,,,,,,,,,,,,,,,,,,,,,,,,,,,,,,,,,,,,,,,,,,,,,,,,,,,,,,,,,,Carrera de mañana,,,,,,,,running,43.461441,-3.807813,11,,,,,,,,,,,,,,,,,,,
1.1,StravaGPX,,,,,,,,,,,,,,,,,,,,,,,,,,,,,,,,,,,,,,,,,,,,,,,,,,,,,,,,,,,,,,,,,,,,,,,,,,Carrera de mañana,,,,,,,,running,43.461441,-3.807844,11,,,,,,,,,,,,,,,,,,,
1.1,StravaGPX,,,,,,,,,,,,,,,,,,,,,,,,,,,,,,,,,,,,,,,,,,,,,,,,,,,,,,,,,,,,,,,,,,,,,,,,,,Carrera de mañana,,,,,,,,running,43.461443,-3.807883,11,,,,,,,,,,,,,,,,,,,
1.1,StravaGPX,,,,,,,,,,,,,,,,,,,,,,,,,,,,,,,,,,,,,,,,,,,,,,,,,,,,,,,,,,,,,,,,,,,,,,,,,,Carrera de mañana,,,,,,,,running,43.461442,-3.807917,11,,,,,,,,,,,,,,,,,,,
1.1,StravaGPX,,,,,,,,,,,,,,,,,,,,,,,,,,,,,,,,,,,,,,,,,,,,,,,,,,,,,,,,,,,,,,,,,,,,,,,,,,Carrera de mañana,,,,,,,,running,43.461444,-3.807955,11,,,,,,,,,,,,,,,,,,,
1.1,StravaGPX,,,,,,,,,,,,,,,,,,,,,,,,,,,,,,,,,,,,,,,,,,,,,,,,,,,,,,,,,,,,,,,,,,,,,,,,,,Carrera de mañana,,,,,,,,running,43.461441,-3.807988,11,,,,,,,,,,,,,,,,,,,
1.1,StravaGPX,,,,,,,,,,,,,,,,,,,,,,,,,,,,,,,,,,,,,,,,,,,,,,,,,,,,,,,,,,,,,,,,,,,,,,,,,,Carrera de mañana,,,,,,,,running,43.461436,-3.808019,11,,,,,,,,,,,,,,,,,,,
1.1,StravaGPX,,,,,,,,,,,,,,,,,,,,,,,,,,,,,,,,,,,,,,,,,,,,,,,,,,,,,,,,,,,,,,,,,,,,,,,,,,Carrera de mañana,,,,,,,,running,43.461431,-3.80805,11,,,,,,,,,,,,,,,,,,,
1.1,StravaGPX,,,,,,,,,,,,,,,,,,,,,,,,,,,,,,,,,,,,,,,,,,,,,,,,,,,,,,,,,,,,,,,,,,,,,,,,,,Carrera de mañana,,,,,,,,running,43.461425,-3.808077,11,,,,,,,,,,,,,,,,,,,
1.1,StravaGPX,,,,,,,,,,,,,,,,,,,,,,,,,,,,,,,,,,,,,,,,,,,,,,,,,,,,,,,,,,,,,,,,,,,,,,,,,,Carrera de mañana,,,,,,,,running,43.461419,-3.808111,11.2,,,,,,,,,,,,,,,,,,,
1.1,StravaGPX,,,,,,,,,,,,,,,,,,,,,,,,,,,,,,,,,,,,,,,,,,,,,,,,,,,,,,,,,,,,,,,,,,,,,,,,,,Carrera de mañana,,,,,,,,running,43.461411,-3.808142,11.2,,,,,,,,,,,,,,,,,,,
1.1,StravaGPX,,,,,,,,,,,,,,,,,,,,,,,,,,,,,,,,,,,,,,,,,,,,,,,,,,,,,,,,,,,,,,,,,,,,,,,,,,Carrera de mañana,,,,,,,,running,43.461405,-3.808171,11.2,,,,,,,,,,,,,,,,,,,
1.1,StravaGPX,,,,,,,,,,,,,,,,,,,,,,,,,,,,,,,,,,,,,,,,,,,,,,,,,,,,,,,,,,,,,,,,,,,,,,,,,,Carrera de mañana,,,,,,,,running,43.461399,-3.808207,11.2,,,,,,,,,,,,,,,,,,,
1.1,StravaGPX,,,,,,,,,,,,,,,,,,,,,,,,,,,,,,,,,,,,,,,,,,,,,,,,,,,,,,,,,,,,,,,,,,,,,,,,,,Carrera de mañana,,,,,,,,running,43.461395,-3.808242,11.4,,,,,,,,,,,,,,,,,,,
1.1,StravaGPX,,,,,,,,,,,,,,,,,,,,,,,,,,,,,,,,,,,,,,,,,,,,,,,,,,,,,,,,,,,,,,,,,,,,,,,,,,Carrera de mañana,,,,,,,,running,43.46139,-3.808283,11.4,,,,,,,,,,,,,,,,,,,
1.1,StravaGPX,,,,,,,,,,,,,,,,,,,,,,,,,,,,,,,,,,,,,,,,,,,,,,,,,,,,,,,,,,,,,,,,,,,,,,,,,,Carrera de mañana,,,,,,,,running,43.461382,-3.808319,11.4,,,,,,,,,,,,,,,,,,,
1.1,StravaGPX,,,,,,,,,,,,,,,,,,,,,,,,,,,,,,,,,,,,,,,,,,,,,,,,,,,,,,,,,,,,,,,,,,,,,,,,,,Carrera de mañana,,,,,,,,running,43.461374,-3.80835,11.6,,,,,,,,,,,,,,,,,,,
1.1,StravaGPX,,,,,,,,,,,,,,,,,,,,,,,,,,,,,,,,,,,,,,,,,,,,,,,,,,,,,,,,,,,,,,,,,,,,,,,,,,Carrera de mañana,,,,,,,,running,43.461367,-3.808393,11.6,,,,,,,,,,,,,,,,,,,
1.1,StravaGPX,,,,,,,,,,,,,,,,,,,,,,,,,,,,,,,,,,,,,,,,,,,,,,,,,,,,,,,,,,,,,,,,,,,,,,,,,,Carrera de mañana,,,,,,,,running,43.461361,-3.80843,11.6,,,,,,,,,,,,,,,,,,,
1.1,StravaGPX,,,,,,,,,,,,,,,,,,,,,,,,,,,,,,,,,,,,,,,,,,,,,,,,,,,,,,,,,,,,,,,,,,,,,,,,,,Carrera de mañana,,,,,,,,running,43.461359,-3.808469,11.6,,,,,,,,,,,,,,,,,,,
1.1,StravaGPX,,,,,,,,,,,,,,,,,,,,,,,,,,,,,,,,,,,,,,,,,,,,,,,,,,,,,,,,,,,,,,,,,,,,,,,,,,Carrera de mañana,,,,,,,,running,43.461358,-3.808508,11.6,,,,,,,,,,,,,,,,,,,
1.1,StravaGPX,,,,,,,,,,,,,,,,,,,,,,,,,,,,,,,,,,,,,,,,,,,,,,,,,,,,,,,,,,,,,,,,,,,,,,,,,,Carrera de mañana,,,,,,,,running,43.461355,-3.808547,11.6,,,,,,,,,,,,,,,,,,,
1.1,StravaGPX,,,,,,,,,,,,,,,,,,,,,,,,,,,,,,,,,,,,,,,,,,,,,,,,,,,,,,,,,,,,,,,,,,,,,,,,,,Carrera de mañana,,,,,,,,running,43.46135,-3.808587,11.6,,,,,,,,,,,,,,,,,,,
1.1,StravaGPX,,,,,,,,,,,,,,,,,,,,,,,,,,,,,,,,,,,,,,,,,,,,,,,,,,,,,,,,,,,,,,,,,,,,,,,,,,Carrera de mañana,,,,,,,,running,43.461346,-3.808629,11.6,,,,,,,,,,,,,,,,,,,
1.1,StravaGPX,,,,,,,,,,,,,,,,,,,,,,,,,,,,,,,,,,,,,,,,,,,,,,,,,,,,,,,,,,,,,,,,,,,,,,,,,,Carrera de mañana,,,,,,,,running,43.461346,-3.808674,11.8,,,,,,,,,,,,,,,,,,,
1.1,StravaGPX,,,,,,,,,,,,,,,,,,,,,,,,,,,,,,,,,,,,,,,,,,,,,,,,,,,,,,,,,,,,,,,,,,,,,,,,,,Carrera de mañana,,,,,,,,running,43.461341,-3.808718,11.8,,,,,,,,,,,,,,,,,,,
1.1,StravaGPX,,,,,,,,,,,,,,,,,,,,,,,,,,,,,,,,,,,,,,,,,,,,,,,,,,,,,,,,,,,,,,,,,,,,,,,,,,Carrera de mañana,,,,,,,,running,43.461335,-3.808763,12,,,,,,,,,,,,,,,,,,,
1.1,StravaGPX,,,,,,,,,,,,,,,,,,,,,,,,,,,,,,,,,,,,,,,,,,,,,,,,,,,,,,,,,,,,,,,,,,,,,,,,,,Carrera de mañana,,,,,,,,running,43.461326,-3.808808,12.2,,,,,,,,,,,,,,,,,,,
1.1,StravaGPX,,,,,,,,,,,,,,,,,,,,,,,,,,,,,,,,,,,,,,,,,,,,,,,,,,,,,,,,,,,,,,,,,,,,,,,,,,Carrera de mañana,,,,,,,,running,43.461319,-3.808857,12.2,,,,,,,,,,,,,,,,,,,
1.1,StravaGPX,,,,,,,,,,,,,,,,,,,,,,,,,,,,,,,,,,,,,,,,,,,,,,,,,,,,,,,,,,,,,,,,,,,,,,,,,,Carrera de mañana,,,,,,,,running,43.461315,-3.808908,12.4,,,,,,,,,,,,,,,,,,,
1.1,StravaGPX,,,,,,,,,,,,,,,,,,,,,,,,,,,,,,,,,,,,,,,,,,,,,,,,,,,,,,,,,,,,,,,,,,,,,,,,,,Carrera de mañana,,,,,,,,running,43.461313,-3.80895,12.6,,,,,,,,,,,,,,,,,,,
1.1,StravaGPX,,,,,,,,,,,,,,,,,,,,,,,,,,,,,,,,,,,,,,,,,,,,,,,,,,,,,,,,,,,,,,,,,,,,,,,,,,Carrera de mañana,,,,,,,,running,43.461311,-3.809003,12.6,,,,,,,,,,,,,,,,,,,
1.1,StravaGPX,,,,,,,,,,,,,,,,,,,,,,,,,,,,,,,,,,,,,,,,,,,,,,,,,,,,,,,,,,,,,,,,,,,,,,,,,,Carrera de mañana,,,,,,,,running,43.461308,-3.809043,12.8,,,,,,,,,,,,,,,,,,,
1.1,StravaGPX,,,,,,,,,,,,,,,,,,,,,,,,,,,,,,,,,,,,,,,,,,,,,,,,,,,,,,,,,,,,,,,,,,,,,,,,,,Carrera de mañana,,,,,,,,running,43.461305,-3.809089,12.8,,,,,,,,,,,,,,,,,,,
1.1,StravaGPX,,,,,,,,,,,,,,,,,,,,,,,,,,,,,,,,,,,,,,,,,,,,,,,,,,,,,,,,,,,,,,,,,,,,,,,,,,Carrera de mañana,,,,,,,,running,43.461305,-3.809131,12.8,,,,,,,,,,,,,,,,,,,
1.1,StravaGPX,,,,,,,,,,,,,,,,,,,,,,,,,,,,,,,,,,,,,,,,,,,,,,,,,,,,,,,,,,,,,,,,,,,,,,,,,,Carrera de mañana,,,,,,,,running,43.461302,-3.809173,12.8,,,,,,,,,,,,,,,,,,,
1.1,StravaGPX,,,,,,,,,,,,,,,,,,,,,,,,,,,,,,,,,,,,,,,,,,,,,,,,,,,,,,,,,,,,,,,,,,,,,,,,,,Carrera de mañana,,,,,,,,running,43.461304,-3.809211,13,,,,,,,,,,,,,,,,,,,
1.1,StravaGPX,,,,,,,,,,,,,,,,,,,,,,,,,,,,,,,,,,,,,,,,,,,,,,,,,,,,,,,,,,,,,,,,,,,,,,,,,,Carrera de mañana,,,,,,,,running,43.461303,-3.809257,13,,,,,,,,,,,,,,,,,,,
1.1,StravaGPX,,,,,,,,,,,,,,,,,,,,,,,,,,,,,,,,,,,,,,,,,,,,,,,,,,,,,,,,,,,,,,,,,,,,,,,,,,Carrera de mañana,,,,,,,,running,43.461309,-3.809304,13.2,,,,,,,,,,,,,,,,,,,
1.1,StravaGPX,,,,,,,,,,,,,,,,,,,,,,,,,,,,,,,,,,,,,,,,,,,,,,,,,,,,,,,,,,,,,,,,,,,,,,,,,,Carrera de mañana,,,,,,,,running,43.461309,-3.809344,13.2,,,,,,,,,,,,,,,,,,,
1.1,StravaGPX,,,,,,,,,,,,,,,,,,,,,,,,,,,,,,,,,,,,,,,,,,,,,,,,,,,,,,,,,,,,,,,,,,,,,,,,,,Carrera de mañana,,,,,,,,running,43.461315,-3.809397,13.2,,,,,,,,,,,,,,,,,,,
1.1,StravaGPX,,,,,,,,,,,,,,,,,,,,,,,,,,,,,,,,,,,,,,,,,,,,,,,,,,,,,,,,,,,,,,,,,,,,,,,,,,Carrera de mañana,,,,,,,,running,43.46133,-3.809473,13.2,,,,,,,,,,,,,,,,,,,
1.1,StravaGPX,,,,,,,,,,,,,,,,,,,,,,,,,,,,,,,,,,,,,,,,,,,,,,,,,,,,,,,,,,,,,,,,,,,,,,,,,,Carrera de mañana,,,,,,,,running,43.461366,-3.809522,13.4,,,,,,,,,,,,,,,,,,,
1.1,StravaGPX,,,,,,,,,,,,,,,,,,,,,,,,,,,,,,,,,,,,,,,,,,,,,,,,,,,,,,,,,,,,,,,,,,,,,,,,,,Carrera de mañana,,,,,,,,running,43.461399,-3.809589,13.4,,,,,,,,,,,,,,,,,,,
1.1,StravaGPX,,,,,,,,,,,,,,,,,,,,,,,,,,,,,,,,,,,,,,,,,,,,,,,,,,,,,,,,,,,,,,,,,,,,,,,,,,Carrera de mañana,,,,,,,,running,43.461434,-3.809643,13.4,,,,,,,,,,,,,,,,,,,
1.1,StravaGPX,,,,,,,,,,,,,,,,,,,,,,,,,,,,,,,,,,,,,,,,,,,,,,,,,,,,,,,,,,,,,,,,,,,,,,,,,,Carrera de mañana,,,,,,,,running,43.461465,-3.80969,13.4,,,,,,,,,,,,,,,,,,,
1.1,StravaGPX,,,,,,,,,,,,,,,,,,,,,,,,,,,,,,,,,,,,,,,,,,,,,,,,,,,,,,,,,,,,,,,,,,,,,,,,,,Carrera de mañana,,,,,,,,running,43.461491,-3.809716,13.6,,,,,,,,,,,,,,,,,,,
1.1,StravaGPX,,,,,,,,,,,,,,,,,,,,,,,,,,,,,,,,,,,,,,,,,,,,,,,,,,,,,,,,,,,,,,,,,,,,,,,,,,Carrera de mañana,,,,,,,,running,43.461516,-3.809742,13.6,,,,,,,,,,,,,,,,,,,
1.1,StravaGPX,,,,,,,,,,,,,,,,,,,,,,,,,,,,,,,,,,,,,,,,,,,,,,,,,,,,,,,,,,,,,,,,,,,,,,,,,,Carrera de mañana,,,,,,,,running,43.461539,-3.809766,13.6,,,,,,,,,,,,,,,,,,,
1.1,StravaGPX,,,,,,,,,,,,,,,,,,,,,,,,,,,,,,,,,,,,,,,,,,,,,,,,,,,,,,,,,,,,,,,,,,,,,,,,,,Carrera de mañana,,,,,,,,running,43.461572,-3.809788,13.6,,,,,,,,,,,,,,,,,,,
1.1,StravaGPX,,,,,,,,,,,,,,,,,,,,,,,,,,,,,,,,,,,,,,,,,,,,,,,,,,,,,,,,,,,,,,,,,,,,,,,,,,Carrera de mañana,,,,,,,,running,43.461586,-3.809798,13.8,,,,,,,,,,,,,,,,,,,
1.1,StravaGPX,,,,,,,,,,,,,,,,,,,,,,,,,,,,,,,,,,,,,,,,,,,,,,,,,,,,,,,,,,,,,,,,,,,,,,,,,,Carrera de mañana,,,,,,,,running,43.461584,-3.809809,14,,,,,,,,,,,,,,,,,,,
1.1,StravaGPX,,,,,,,,,,,,,,,,,,,,,,,,,,,,,,,,,,,,,,,,,,,,,,,,,,,,,,,,,,,,,,,,,,,,,,,,,,Carrera de mañana,,,,,,,,running,43.461572,-3.809802,14,,,,,,,,,,,,,,,,,,,
1.1,StravaGPX,,,,,,,,,,,,,,,,,,,,,,,,,,,,,,,,,,,,,,,,,,,,,,,,,,,,,,,,,,,,,,,,,,,,,,,,,,Carrera de mañana,,,,,,,,running,43.461607,-3.809733,14,,,,,,,,,,,,,,,,,,,
1.1,StravaGPX,,,,,,,,,,,,,,,,,,,,,,,,,,,,,,,,,,,,,,,,,,,,,,,,,,,,,,,,,,,,,,,,,,,,,,,,,,Carrera de mañana,,,,,,,,running,43.461605,-3.80968,14,,,,,,,,,,,,,,,,,,,
1.1,StravaGPX,,,,,,,,,,,,,,,,,,,,,,,,,,,,,,,,,,,,,,,,,,,,,,,,,,,,,,,,,,,,,,,,,,,,,,,,,,Carrera de mañana,,,,,,,,running,43.461629,-3.809606,14,,,,,,,,,,,,,,,,,,,
1.1,StravaGPX,,,,,,,,,,,,,,,,,,,,,,,,,,,,,,,,,,,,,,,,,,,,,,,,,,,,,,,,,,,,,,,,,,,,,,,,,,Carrera de mañana,,,,,,,,running,43.46165,-3.809542,14,,,,,,,,,,,,,,,,,,,
1.1,StravaGPX,,,,,,,,,,,,,,,,,,,,,,,,,,,,,,,,,,,,,,,,,,,,,,,,,,,,,,,,,,,,,,,,,,,,,,,,,,Carrera de mañana,,,,,,,,running,43.461671,-3.809426,14,,,,,,,,,,,,,,,,,,,
1.1,StravaGPX,,,,,,,,,,,,,,,,,,,,,,,,,,,,,,,,,,,,,,,,,,,,,,,,,,,,,,,,,,,,,,,,,,,,,,,,,,Carrera de mañana,,,,,,,,running,43.46168,-3.809313,14,,,,,,,,,,,,,,,,,,,
1.1,StravaGPX,,,,,,,,,,,,,,,,,,,,,,,,,,,,,,,,,,,,,,,,,,,,,,,,,,,,,,,,,,,,,,,,,,,,,,,,,,Carrera de mañana,,,,,,,,running,43.461677,-3.80925,13.8,,,,,,,,,,,,,,,,,,,
1.1,StravaGPX,,,,,,,,,,,,,,,,,,,,,,,,,,,,,,,,,,,,,,,,,,,,,,,,,,,,,,,,,,,,,,,,,,,,,,,,,,Carrera de mañana,,,,,,,,running,43.461671,-3.809189,13.8,,,,,,,,,,,,,,,,,,,
1.1,StravaGPX,,,,,,,,,,,,,,,,,,,,,,,,,,,,,,,,,,,,,,,,,,,,,,,,,,,,,,,,,,,,,,,,,,,,,,,,,,Carrera de mañana,,,,,,,,running,43.461686,-3.809122,14,,,,,,,,,,,,,,,,,,,
1.1,StravaGPX,,,,,,,,,,,,,,,,,,,,,,,,,,,,,,,,,,,,,,,,,,,,,,,,,,,,,,,,,,,,,,,,,,,,,,,,,,Carrera de mañana,,,,,,,,running,43.461701,-3.809056,14,,,,,,,,,,,,,,,,,,,
1.1,StravaGPX,,,,,,,,,,,,,,,,,,,,,,,,,,,,,,,,,,,,,,,,,,,,,,,,,,,,,,,,,,,,,,,,,,,,,,,,,,Carrera de mañana,,,,,,,,running,43.46171,-3.809004,14.2,,,,,,,,,,,,,,,,,,,
1.1,StravaGPX,,,,,,,,,,,,,,,,,,,,,,,,,,,,,,,,,,,,,,,,,,,,,,,,,,,,,,,,,,,,,,,,,,,,,,,,,,Carrera de mañana,,,,,,,,running,43.461712,-3.808947,14.2,,,,,,,,,,,,,,,,,,,
1.1,StravaGPX,,,,,,,,,,,,,,,,,,,,,,,,,,,,,,,,,,,,,,,,,,,,,,,,,,,,,,,,,,,,,,,,,,,,,,,,,,Carrera de mañana,,,,,,,,running,43.461711,-3.808901,14.4,,,,,,,,,,,,,,,,,,,
1.1,StravaGPX,,,,,,,,,,,,,,,,,,,,,,,,,,,,,,,,,,,,,,,,,,,,,,,,,,,,,,,,,,,,,,,,,,,,,,,,,,Carrera de mañana,,,,,,,,running,43.461715,-3.808849,14.4,,,,,,,,,,,,,,,,,,,
1.1,StravaGPX,,,,,,,,,,,,,,,,,,,,,,,,,,,,,,,,,,,,,,,,,,,,,,,,,,,,,,,,,,,,,,,,,,,,,,,,,,Carrera de mañana,,,,,,,,running,43.461721,-3.808815,14.4,,,,,,,,,,,,,,,,,,,
1.1,StravaGPX,,,,,,,,,,,,,,,,,,,,,,,,,,,,,,,,,,,,,,,,,,,,,,,,,,,,,,,,,,,,,,,,,,,,,,,,,,Carrera de mañana,,,,,,,,running,43.461731,-3.808765,14.6,,,,,,,,,,,,,,,,,,,
1.1,StravaGPX,,,,,,,,,,,,,,,,,,,,,,,,,,,,,,,,,,,,,,,,,,,,,,,,,,,,,,,,,,,,,,,,,,,,,,,,,,Carrera de mañana,,,,,,,,running,43.461738,-3.808722,14.6,,,,,,,,,,,,,,,,,,,
1.1,StravaGPX,,,,,,,,,,,,,,,,,,,,,,,,,,,,,,,,,,,,,,,,,,,,,,,,,,,,,,,,,,,,,,,,,,,,,,,,,,Carrera de mañana,,,,,,,,running,43.461741,-3.808678,14.8,,,,,,,,,,,,,,,,,,,
1.1,StravaGPX,,,,,,,,,,,,,,,,,,,,,,,,,,,,,,,,,,,,,,,,,,,,,,,,,,,,,,,,,,,,,,,,,,,,,,,,,,Carrera de mañana,,,,,,,,running,43.461749,-3.808636,14.8,,,,,,,,,,,,,,,,,,,
1.1,StravaGPX,,,,,,,,,,,,,,,,,,,,,,,,,,,,,,,,,,,,,,,,,,,,,,,,,,,,,,,,,,,,,,,,,,,,,,,,,,Carrera de mañana,,,,,,,,running,43.461758,-3.808594,14.8,,,,,,,,,,,,,,,,,,,
1.1,StravaGPX,,,,,,,,,,,,,,,,,,,,,,,,,,,,,,,,,,,,,,,,,,,,,,,,,,,,,,,,,,,,,,,,,,,,,,,,,,Carrera de mañana,,,,,,,,running,43.461766,-3.808559,15,,,,,,,,,,,,,,,,,,,
1.1,StravaGPX,,,,,,,,,,,,,,,,,,,,,,,,,,,,,,,,,,,,,,,,,,,,,,,,,,,,,,,,,,,,,,,,,,,,,,,,,,Carrera de mañana,,,,,,,,running,43.461783,-3.808519,14.8,,,,,,,,,,,,,,,,,,,
1.1,StravaGPX,,,,,,,,,,,,,,,,,,,,,,,,,,,,,,,,,,,,,,,,,,,,,,,,,,,,,,,,,,,,,,,,,,,,,,,,,,Carrera de mañana,,,,,,,,running,43.461794,-3.808478,14.8,,,,,,,,,,,,,,,,,,,
1.1,StravaGPX,,,,,,,,,,,,,,,,,,,,,,,,,,,,,,,,,,,,,,,,,,,,,,,,,,,,,,,,,,,,,,,,,,,,,,,,,,Carrera de mañana,,,,,,,,running,43.461803,-3.808434,14.8,,,,,,,,,,,,,,,,,,,
1.1,StravaGPX,,,,,,,,,,,,,,,,,,,,,,,,,,,,,,,,,,,,,,,,,,,,,,,,,,,,,,,,,,,,,,,,,,,,,,,,,,Carrera de mañana,,,,,,,,running,43.461812,-3.808387,14.8,,,,,,,,,,,,,,,,,,,
1.1,StravaGPX,,,,,,,,,,,,,,,,,,,,,,,,,,,,,,,,,,,,,,,,,,,,,,,,,,,,,,,,,,,,,,,,,,,,,,,,,,Carrera de mañana,,,,,,,,running,43.461819,-3.808346,14.6,,,,,,,,,,,,,,,,,,,
1.1,StravaGPX,,,,,,,,,,,,,,,,,,,,,,,,,,,,,,,,,,,,,,,,,,,,,,,,,,,,,,,,,,,,,,,,,,,,,,,,,,Carrera de mañana,,,,,,,,running,43.461825,-3.808312,14.6,,,,,,,,,,,,,,,,,,,
1.1,StravaGPX,,,,,,,,,,,,,,,,,,,,,,,,,,,,,,,,,,,,,,,,,,,,,,,,,,,,,,,,,,,,,,,,,,,,,,,,,,Carrera de mañana,,,,,,,,running,43.461831,-3.80827,14.6,,,,,,,,,,,,,,,,,,,
1.1,StravaGPX,,,,,,,,,,,,,,,,,,,,,,,,,,,,,,,,,,,,,,,,,,,,,,,,,,,,,,,,,,,,,,,,,,,,,,,,,,Carrera de mañana,,,,,,,,running,43.461835,-3.808233,14.4,,,,,,,,,,,,,,,,,,,
1.1,StravaGPX,,,,,,,,,,,,,,,,,,,,,,,,,,,,,,,,,,,,,,,,,,,,,,,,,,,,,,,,,,,,,,,,,,,,,,,,,,Carrera de mañana,,,,,,,,running,43.461839,-3.80819,14.4,,,,,,,,,,,,,,,,,,,
1.1,StravaGPX,,,,,,,,,,,,,,,,,,,,,,,,,,,,,,,,,,,,,,,,,,,,,,,,,,,,,,,,,,,,,,,,,,,,,,,,,,Carrera de mañana,,,,,,,,running,43.46184,-3.808142,14.6,,,,,,,,,,,,,,,,,,,
1.1,StravaGPX,,,,,,,,,,,,,,,,,,,,,,,,,,,,,,,,,,,,,,,,,,,,,,,,,,,,,,,,,,,,,,,,,,,,,,,,,,Carrera de mañana,,,,,,,,running,43.461843,-3.808101,14.8,,,,,,,,,,,,,,,,,,,
1.1,StravaGPX,,,,,,,,,,,,,,,,,,,,,,,,,,,,,,,,,,,,,,,,,,,,,,,,,,,,,,,,,,,,,,,,,,,,,,,,,,Carrera de mañana,,,,,,,,running,43.461849,-3.808053,14.6,,,,,,,,,,,,,,,,,,,
1.1,StravaGPX,,,,,,,,,,,,,,,,,,,,,,,,,,,,,,,,,,,,,,,,,,,,,,,,,,,,,,,,,,,,,,,,,,,,,,,,,,Carrera de mañana,,,,,,,,running,43.461855,-3.808014,14.6,,,,,,,,,,,,,,,,,,,
1.1,StravaGPX,,,,,,,,,,,,,,,,,,,,,,,,,,,,,,,,,,,,,,,,,,,,,,,,,,,,,,,,,,,,,,,,,,,,,,,,,,Carrera de mañana,,,,,,,,running,43.461862,-3.807971,14.6,,,,,,,,,,,,,,,,,,,
1.1,StravaGPX,,,,,,,,,,,,,,,,,,,,,,,,,,,,,,,,,,,,,,,,,,,,,,,,,,,,,,,,,,,,,,,,,,,,,,,,,,Carrera de mañana,,,,,,,,running,43.461869,-3.807932,14.6,,,,,,,,,,,,,,,,,,,
1.1,StravaGPX,,,,,,,,,,,,,,,,,,,,,,,,,,,,,,,,,,,,,,,,,,,,,,,,,,,,,,,,,,,,,,,,,,,,,,,,,,Carrera de mañana,,,,,,,,running,43.461876,-3.80789,14.6,,,,,,,,,,,,,,,,,,,
1.1,StravaGPX,,,,,,,,,,,,,,,,,,,,,,,,,,,,,,,,,,,,,,,,,,,,,,,,,,,,,,,,,,,,,,,,,,,,,,,,,,Carrera de mañana,,,,,,,,running,43.461884,-3.807848,14.6,,,,,,,,,,,,,,,,,,,
1.1,StravaGPX,,,,,,,,,,,,,,,,,,,,,,,,,,,,,,,,,,,,,,,,,,,,,,,,,,,,,,,,,,,,,,,,,,,,,,,,,,Carrera de mañana,,,,,,,,running,43.46189,-3.807804,15,,,,,,,,,,,,,,,,,,,
1.1,StravaGPX,,,,,,,,,,,,,,,,,,,,,,,,,,,,,,,,,,,,,,,,,,,,,,,,,,,,,,,,,,,,,,,,,,,,,,,,,,Carrera de mañana,,,,,,,,running,43.461891,-3.807763,15.2,,,,,,,,,,,,,,,,,,,
1.1,StravaGPX,,,,,,,,,,,,,,,,,,,,,,,,,,,,,,,,,,,,,,,,,,,,,,,,,,,,,,,,,,,,,,,,,,,,,,,,,,Carrera de mañana,,,,,,,,running,43.461896,-3.807716,15.4,,,,,,,,,,,,,,,,,,,
1.1,StravaGPX,,,,,,,,,,,,,,,,,,,,,,,,,,,,,,,,,,,,,,,,,,,,,,,,,,,,,,,,,,,,,,,,,,,,,,,,,,Carrera de mañana,,,,,,,,running,43.461901,-3.807674,15.4,,,,,,,,,,,,,,,,,,,
1.1,StravaGPX,,,,,,,,,,,,,,,,,,,,,,,,,,,,,,,,,,,,,,,,,,,,,,,,,,,,,,,,,,,,,,,,,,,,,,,,,,Carrera de mañana,,,,,,,,running,43.461888,-3.807634,15.4,,,,,,,,,,,,,,,,,,,
1.1,StravaGPX,,,,,,,,,,,,,,,,,,,,,,,,,,,,,,,,,,,,,,,,,,,,,,,,,,,,,,,,,,,,,,,,,,,,,,,,,,Carrera de mañana,,,,,,,,running,43.461879,-3.807594,15.4,,,,,,,,,,,,,,,,,,,
1.1,StravaGPX,,,,,,,,,,,,,,,,,,,,,,,,,,,,,,,,,,,,,,,,,,,,,,,,,,,,,,,,,,,,,,,,,,,,,,,,,,Carrera de mañana,,,,,,,,running,43.461874,-3.807549,15.4,,,,,,,,,,,,,,,,,,,
1.1,StravaGPX,,,,,,,,,,,,,,,,,,,,,,,,,,,,,,,,,,,,,,,,,,,,,,,,,,,,,,,,,,,,,,,,,,,,,,,,,,Carrera de mañana,,,,,,,,running,43.46187,-3.807514,15.2,,,,,,,,,,,,,,,,,,,
1.1,StravaGPX,,,,,,,,,,,,,,,,,,,,,,,,,,,,,,,,,,,,,,,,,,,,,,,,,,,,,,,,,,,,,,,,,,,,,,,,,,Carrera de mañana,,,,,,,,running,43.461871,-3.807469,15,,,,,,,,,,,,,,,,,,,
1.1,StravaGPX,,,,,,,,,,,,,,,,,,,,,,,,,,,,,,,,,,,,,,,,,,,,,,,,,,,,,,,,,,,,,,,,,,,,,,,,,,Carrera de mañana,,,,,,,,running,43.46186,-3.807434,15.2,,,,,,,,,,,,,,,,,,,
1.1,StravaGPX,,,,,,,,,,,,,,,,,,,,,,,,,,,,,,,,,,,,,,,,,,,,,,,,,,,,,,,,,,,,,,,,,,,,,,,,,,Carrera de mañana,,,,,,,,running,43.461859,-3.807378,15.2,,,,,,,,,,,,,,,,,,,
1.1,StravaGPX,,,,,,,,,,,,,,,,,,,,,,,,,,,,,,,,,,,,,,,,,,,,,,,,,,,,,,,,,,,,,,,,,,,,,,,,,,Carrera de mañana,,,,,,,,running,43.461858,-3.807329,15.4,,,,,,,,,,,,,,,,,,,
1.1,StravaGPX,,,,,,,,,,,,,,,,,,,,,,,,,,,,,,,,,,,,,,,,,,,,,,,,,,,,,,,,,,,,,,,,,,,,,,,,,,Carrera de mañana,,,,,,,,running,43.461853,-3.807285,15.4,,,,,,,,,,,,,,,,,,,
1.1,StravaGPX,,,,,,,,,,,,,,,,,,,,,,,,,,,,,,,,,,,,,,,,,,,,,,,,,,,,,,,,,,,,,,,,,,,,,,,,,,Carrera de mañana,,,,,,,,running,43.461856,-3.807243,15.2,,,,,,,,,,,,,,,,,,,
1.1,StravaGPX,,,,,,,,,,,,,,,,,,,,,,,,,,,,,,,,,,,,,,,,,,,,,,,,,,,,,,,,,,,,,,,,,,,,,,,,,,Carrera de mañana,,,,,,,,running,43.461861,-3.807206,15,,,,,,,,,,,,,,,,,,,
1.1,StravaGPX,,,,,,,,,,,,,,,,,,,,,,,,,,,,,,,,,,,,,,,,,,,,,,,,,,,,,,,,,,,,,,,,,,,,,,,,,,Carrera de mañana,,,,,,,,running,43.461873,-3.807155,15,,,,,,,,,,,,,,,,,,,
1.1,StravaGPX,,,,,,,,,,,,,,,,,,,,,,,,,,,,,,,,,,,,,,,,,,,,,,,,,,,,,,,,,,,,,,,,,,,,,,,,,,Carrera de mañana,,,,,,,,running,43.461888,-3.807103,15,,,,,,,,,,,,,,,,,,,
1.1,StravaGPX,,,,,,,,,,,,,,,,,,,,,,,,,,,,,,,,,,,,,,,,,,,,,,,,,,,,,,,,,,,,,,,,,,,,,,,,,,Carrera de mañana,,,,,,,,running,43.461905,-3.807044,14.8,,,,,,,,,,,,,,,,,,,
1.1,StravaGPX,,,,,,,,,,,,,,,,,,,,,,,,,,,,,,,,,,,,,,,,,,,,,,,,,,,,,,,,,,,,,,,,,,,,,,,,,,Carrera de mañana,,,,,,,,running,43.461915,-3.806994,14.6,,,,,,,,,,,,,,,,,,,
1.1,StravaGPX,,,,,,,,,,,,,,,,,,,,,,,,,,,,,,,,,,,,,,,,,,,,,,,,,,,,,,,,,,,,,,,,,,,,,,,,,,Carrera de mañana,,,,,,,,running,43.461926,-3.806945,14.6,,,,,,,,,,,,,,,,,,,
1.1,StravaGPX,,,,,,,,,,,,,,,,,,,,,,,,,,,,,,,,,,,,,,,,,,,,,,,,,,,,,,,,,,,,,,,,,,,,,,,,,,Carrera de mañana,,,,,,,,running,43.46193,-3.806905,14.4,,,,,,,,,,,,,,,,,,,
1.1,StravaGPX,,,,,,,,,,,,,,,,,,,,,,,,,,,,,,,,,,,,,,,,,,,,,,,,,,,,,,,,,,,,,,,,,,,,,,,,,,Carrera de mañana,,,,,,,,running,43.461944,-3.806858,14.4,,,,,,,,,,,,,,,,,,,
1.1,StravaGPX,,,,,,,,,,,,,,,,,,,,,,,,,,,,,,,,,,,,,,,,,,,,,,,,,,,,,,,,,,,,,,,,,,,,,,,,,,Carrera de mañana,,,,,,,,running,43.461955,-3.806824,14.4,,,,,,,,,,,,,,,,,,,
1.1,StravaGPX,,,,,,,,,,,,,,,,,,,,,,,,,,,,,,,,,,,,,,,,,,,,,,,,,,,,,,,,,,,,,,,,,,,,,,,,,,Carrera de mañana,,,,,,,,running,43.46196,-3.806792,14.2,,,,,,,,,,,,,,,,,,,
1.1,StravaGPX,,,,,,,,,,,,,,,,,,,,,,,,,,,,,,,,,,,,,,,,,,,,,,,,,,,,,,,,,,,,,,,,,,,,,,,,,,Carrera de mañana,,,,,,,,running,43.461972,-3.806757,14.2,,,,,,,,,,,,,,,,,,,
1.1,StravaGPX,,,,,,,,,,,,,,,,,,,,,,,,,,,,,,,,,,,,,,,,,,,,,,,,,,,,,,,,,,,,,,,,,,,,,,,,,,Carrera de mañana,,,,,,,,running,43.461983,-3.806725,14.2,,,,,,,,,,,,,,,,,,,
1.1,StravaGPX,,,,,,,,,,,,,,,,,,,,,,,,,,,,,,,,,,,,,,,,,,,,,,,,,,,,,,,,,,,,,,,,,,,,,,,,,,Carrera de mañana,,,,,,,,running,43.461994,-3.806693,14,,,,,,,,,,,,,,,,,,,
1.1,StravaGPX,,,,,,,,,,,,,,,,,,,,,,,,,,,,,,,,,,,,,,,,,,,,,,,,,,,,,,,,,,,,,,,,,,,,,,,,,,Carrera de mañana,,,,,,,,running,43.462004,-3.806659,13.8,,,,,,,,,,,,,,,,,,,
1.1,StravaGPX,,,,,,,,,,,,,,,,,,,,,,,,,,,,,,,,,,,,,,,,,,,,,,,,,,,,,,,,,,,,,,,,,,,,,,,,,,Carrera de mañana,,,,,,,,running,43.462013,-3.806627,13.8,,,,,,,,,,,,,,,,,,,
1.1,StravaGPX,,,,,,,,,,,,,,,,,,,,,,,,,,,,,,,,,,,,,,,,,,,,,,,,,,,,,,,,,,,,,,,,,,,,,,,,,,Carrera de mañana,,,,,,,,running,43.462022,-3.806595,13.6,,,,,,,,,,,,,,,,,,,
1.1,StravaGPX,,,,,,,,,,,,,,,,,,,,,,,,,,,,,,,,,,,,,,,,,,,,,,,,,,,,,,,,,,,,,,,,,,,,,,,,,,Carrera de mañana,,,,,,,,running,43.462029,-3.806557,13.6,,,,,,,,,,,,,,,,,,,
1.1,StravaGPX,,,,,,,,,,,,,,,,,,,,,,,,,,,,,,,,,,,,,,,,,,,,,,,,,,,,,,,,,,,,,,,,,,,,,,,,,,Carrera de mañana,,,,,,,,running,43.462035,-3.806534,13.6,,,,,,,,,,,,,,,,,,,
1.1,StravaGPX,,,,,,,,,,,,,,,,,,,,,,,,,,,,,,,,,,,,,,,,,,,,,,,,,,,,,,,,,,,,,,,,,,,,,,,,,,Carrera de mañana,,,,,,,,running,43.462044,-3.806507,13.8,,,,,,,,,,,,,,,,,,,
1.1,StravaGPX,,,,,,,,,,,,,,,,,,,,,,,,,,,,,,,,,,,,,,,,,,,,,,,,,,,,,,,,,,,,,,,,,,,,,,,,,,Carrera de mañana,,,,,,,,running,43.462056,-3.806491,13.8,,,,,,,,,,,,,,,,,,,
1.1,StravaGPX,,,,,,,,,,,,,,,,,,,,,,,,,,,,,,,,,,,,,,,,,,,,,,,,,,,,,,,,,,,,,,,,,,,,,,,,,,Carrera de mañana,,,,,,,,running,43.462063,-3.806476,13.8,,,,,,,,,,,,,,,,,,,
1.1,StravaGPX,,,,,,,,,,,,,,,,,,,,,,,,,,,,,,,,,,,,,,,,,,,,,,,,,,,,,,,,,,,,,,,,,,,,,,,,,,Carrera de mañana,,,,,,,,running,43.462068,-3.806452,13.8,,,,,,,,,,,,,,,,,,,
1.1,StravaGPX,,,,,,,,,,,,,,,,,,,,,,,,,,,,,,,,,,,,,,,,,,,,,,,,,,,,,,,,,,,,,,,,,,,,,,,,,,Carrera de mañana,,,,,,,,running,43.462053,-3.806385,13.8,,,,,,,,,,,,,,,,,,,
1.1,StravaGPX,,,,,,,,,,,,,,,,,,,,,,,,,,,,,,,,,,,,,,,,,,,,,,,,,,,,,,,,,,,,,,,,,,,,,,,,,,Carrera de mañana,,,,,,,,running,43.461994,-3.806345,13.8,,,,,,,,,,,,,,,,,,,
1.1,StravaGPX,,,,,,,,,,,,,,,,,,,,,,,,,,,,,,,,,,,,,,,,,,,,,,,,,,,,,,,,,,,,,,,,,,,,,,,,,,Carrera de mañana,,,,,,,,running,43.461948,-3.806334,13.8,,,,,,,,,,,,,,,,,,,
1.1,StravaGPX,,,,,,,,,,,,,,,,,,,,,,,,,,,,,,,,,,,,,,,,,,,,,,,,,,,,,,,,,,,,,,,,,,,,,,,,,,Carrera de mañana,,,,,,,,running,43.461879,-3.806311,13.8,,,,,,,,,,,,,,,,,,,
1.1,StravaGPX,,,,,,,,,,,,,,,,,,,,,,,,,,,,,,,,,,,,,,,,,,,,,,,,,,,,,,,,,,,,,,,,,,,,,,,,,,Carrera de mañana,,,,,,,,running,43.461829,-3.806296,13.6,,,,,,,,,,,,,,,,,,,
1.1,StravaGPX,,,,,,,,,,,,,,,,,,,,,,,,,,,,,,,,,,,,,,,,,,,,,,,,,,,,,,,,,,,,,,,,,,,,,,,,,,Carrera de mañana,,,,,,,,running,43.461793,-3.80627,13.6,,,,,,,,,,,,,,,,,,,
1.1,StravaGPX,,,,,,,,,,,,,,,,,,,,,,,,,,,,,,,,,,,,,,,,,,,,,,,,,,,,,,,,,,,,,,,,,,,,,,,,,,Carrera de mañana,,,,,,,,running,43.461758,-3.806261,13.4,,,,,,,,,,,,,,,,,,,
1.1,StravaGPX,,,,,,,,,,,,,,,,,,,,,,,,,,,,,,,,,,,,,,,,,,,,,,,,,,,,,,,,,,,,,,,,,,,,,,,,,,Carrera de mañana,,,,,,,,running,43.461734,-3.806253,13.4,,,,,,,,,,,,,,,,,,,
1.1,StravaGPX,,,,,,,,,,,,,,,,,,,,,,,,,,,,,,,,,,,,,,,,,,,,,,,,,,,,,,,,,,,,,,,,,,,,,,,,,,Carrera de mañana,,,,,,,,running,43.461709,-3.806245,13,,,,,,,,,,,,,,,,,,,
1.1,StravaGPX,,,,,,,,,,,,,,,,,,,,,,,,,,,,,,,,,,,,,,,,,,,,,,,,,,,,,,,,,,,,,,,,,,,,,,,,,,Carrera de mañana,,,,,,,,running,43.461684,-3.806236,13,,,,,,,,,,,,,,,,,,,
1.1,StravaGPX,,,,,,,,,,,,,,,,,,,,,,,,,,,,,,,,,,,,,,,,,,,,,,,,,,,,,,,,,,,,,,,,,,,,,,,,,,Carrera de mañana,,,,,,,,running,43.461659,-3.806227,13,,,,,,,,,,,,,,,,,,,
1.1,StravaGPX,,,,,,,,,,,,,,,,,,,,,,,,,,,,,,,,,,,,,,,,,,,,,,,,,,,,,,,,,,,,,,,,,,,,,,,,,,Carrera de mañana,,,,,,,,running,43.461642,-3.806223,13,,,,,,,,,,,,,,,,,,,
1.1,StravaGPX,,,,,,,,,,,,,,,,,,,,,,,,,,,,,,,,,,,,,,,,,,,,,,,,,,,,,,,,,,,,,,,,,,,,,,,,,,Carrera de mañana,,,,,,,,running,43.461643,-3.806212,12.8,,,,,,,,,,,,,,,,,,,
1.1,StravaGPX,,,,,,,,,,,,,,,,,,,,,,,,,,,,,,,,,,,,,,,,,,,,,,,,,,,,,,,,,,,,,,,,,,,,,,,,,,Carrera de mañana,,,,,,,,running,43.46165,-3.806214,12.8,,,,,,,,,,,,,,,,,,,
1.1,StravaGPX,,,,,,,,,,,,,,,,,,,,,,,,,,,,,,,,,,,,,,,,,,,,,,,,,,,,,,,,,,,,,,,,,,,,,,,,,,Carrera de mañana,,,,,,,,running,43.461662,-3.80621,12.8,,,,,,,,,,,,,,,,,,,
1.1,StravaGPX,,,,,,,,,,,,,,,,,,,,,,,,,,,,,,,,,,,,,,,,,,,,,,,,,,,,,,,,,,,,,,,,,,,,,,,,,,Carrera de mañana,,,,,,,,running,43.461664,-3.806209,12.8,,,,,,,,,,,,,,,,,,,
1.1,StravaGPX,,,,,,,,,,,,,,,,,,,,,,,,,,,,,,,,,,,,,,,,,,,,,,,,,,,,,,,,,,,,,,,,,,,,,,,,,,Carrera de mañana,,,,,,,,running,43.461663,-3.80621,12.8,,,,,,,,,,,,,,,,,,,
1.1,StravaGPX,,,,,,,,,,,,,,,,,,,,,,,,,,,,,,,,,,,,,,,,,,,,,,,,,,,,,,,,,,,,,,,,,,,,,,,,,,Carrera de mañana,,,,,,,,running,43.461664,-3.806206,12.8,,,,,,,,,,,,,,,,,,,
1.1,StravaGPX,,,,,,,,,,,,,,,,,,,,,,,,,,,,,,,,,,,,,,,,,,,,,,,,,,,,,,,,,,,,,,,,,,,,,,,,,,Carrera de mañana,,,,,,,,running,43.461663,-3.806201,12.6,,,,,,,,,,,,,,,,,,,
1.1,StravaGPX,,,,,,,,,,,,,,,,,,,,,,,,,,,,,,,,,,,,,,,,,,,,,,,,,,,,,,,,,,,,,,,,,,,,,,,,,,Carrera de mañana,,,,,,,,running,43.461658,-3.806202,12.6,,,,,,,,,,,,,,,,,,,
1.1,StravaGPX,,,,,,,,,,,,,,,,,,,,,,,,,,,,,,,,,,,,,,,,,,,,,,,,,,,,,,,,,,,,,,,,,,,,,,,,,,Carrera de mañana,,,,,,,,running,43.461659,-3.806201,12.6,,,,,,,,,,,,,,,,,,,
1.1,StravaGPX,,,,,,,,,,,,,,,,,,,,,,,,,,,,,,,,,,,,,,,,,,,,,,,,,,,,,,,,,,,,,,,,,,,,,,,,,,Carrera de mañana,,,,,,,,running,43.461666,-3.806205,12.4,,,,,,,,,,,,,,,,,,,
1.1,StravaGPX,,,,,,,,,,,,,,,,,,,,,,,,,,,,,,,,,,,,,,,,,,,,,,,,,,,,,,,,,,,,,,,,,,,,,,,,,,Carrera de mañana,,,,,,,,running,43.461666,-3.80621,12.4,,,,,,,,,,,,,,,,,,,
1.1,StravaGPX,,,,,,,,,,,,,,,,,,,,,,,,,,,,,,,,,,,,,,,,,,,,,,,,,,,,,,,,,,,,,,,,,,,,,,,,,,Carrera de mañana,,,,,,,,running,43.46167,-3.806218,12.4,,,,,,,,,,,,,,,,,,,
1.1,StravaGPX,,,,,,,,,,,,,,,,,,,,,,,,,,,,,,,,,,,,,,,,,,,,,,,,,,,,,,,,,,,,,,,,,,,,,,,,,,Carrera de mañana,,,,,,,,running,43.461681,-3.806225,12.4,,,,,,,,,,,,,,,,,,,
1.1,StravaGPX,,,,,,,,,,,,,,,,,,,,,,,,,,,,,,,,,,,,,,,,,,,,,,,,,,,,,,,,,,,,,,,,,,,,,,,,,,Carrera de mañana,,,,,,,,running,43.461698,-3.806232,12.4,,,,,,,,,,,,,,,,,,,
1.1,StravaGPX,,,,,,,,,,,,,,,,,,,,,,,,,,,,,,,,,,,,,,,,,,,,,,,,,,,,,,,,,,,,,,,,,,,,,,,,,,Carrera de mañana,,,,,,,,running,43.461712,-3.806238,12.4,,,,,,,,,,,,,,,,,,,
1.1,StravaGPX,,,,,,,,,,,,,,,,,,,,,,,,,,,,,,,,,,,,,,,,,,,,,,,,,,,,,,,,,,,,,,,,,,,,,,,,,,Carrera de mañana,,,,,,,,running,43.46174,-3.806247,12.6,,,,,,,,,,,,,,,,,,,
1.1,StravaGPX,,,,,,,,,,,,,,,,,,,,,,,,,,,,,,,,,,,,,,,,,,,,,,,,,,,,,,,,,,,,,,,,,,,,,,,,,,Carrera de mañana,,,,,,,,running,43.461757,-3.806257,12.8,,,,,,,,,,,,,,,,,,,
1.1,StravaGPX,,,,,,,,,,,,,,,,,,,,,,,,,,,,,,,,,,,,,,,,,,,,,,,,,,,,,,,,,,,,,,,,,,,,,,,,,,Carrera de mañana,,,,,,,,running,43.461783,-3.806262,13,,,,,,,,,,,,,,,,,,,
1.1,StravaGPX,,,,,,,,,,,,,,,,,,,,,,,,,,,,,,,,,,,,,,,,,,,,,,,,,,,,,,,,,,,,,,,,,,,,,,,,,,Carrera de mañana,,,,,,,,running,43.461804,-3.806266,13,,,,,,,,,,,,,,,,,,,
